alpha;X;Y
71.6;0;1
153.5;1;0
19.1;0;1
151.4;0;1
159.3;1;0
87.5;0;1
123.9;1;0
124.4;0;1
108.5;0;1
169.8;1;0
161.0;1;0
133.3;0;1
50.6;1;0
74.8;1;0
19.8;1;0
110.7;0;1
154.3;0;1
12.7;1;0
29.0;0;1
128.5;0;1
143.6;0;1
84.6;1;0
37.9;0;1
164.6;0;1
154.4;0;1
30.8;1;0
22.6;1;0
4.3;1;0
130.9;0;1
172.1;1;0
18.4;1;0
48.5;0;1
107.4;1;0
33.1;1;0
97.6;0;1
82.4;0;1
161.9;1;0
36.4;0;1
27.1;1;0
104.6;1;0
172.5;1;0
130.3;0;1
119.0;1;0
7.6;1;0
59.3;1;0
147.3;0;1
59.7;0;1
105.9;0;1
55.6;1;0
52.4;0;1
109.0;1;0
21.7;1;0
31.7;1;0
159.4;1;0
32.5;0;1
2.4;0;1
149.7;0;1
29.5;1;0
160.4;0;1
61.3;1;0
8.6;0;1
172.5;1;0
74.1;1;0
141.6;1;0
146.2;0;1
5.9;1;0
130.5;0;1
137.1;0;1
155.6;1;0
149.3;1;0
89.2;0;1
118.6;0;1
9.9;1;0
25.4;0;1
114.8;0;1
115.4;1;0
122.4;0;1
3.0;1;0
113.6;1;0
123.4;0;1
41.3;0;1
151.0;1;0
58.9;1;0
83.0;0;1
54.3;0;1
40.4;1;0
52.7;0;1
140.5;0;1
70.4;0;1
86.4;0;1
100.3;1;0
96.3;1;0
13.5;1;0
6.1;1;0
7.0;1;0
33.3;1;0
143.3;0;1
15.2;1;0
152.2;1;0
143.9;0;1
154.7;0;1
68.4;0;1
75.0;0;1
105.0;1;0
27.2;0;1
15.2;1;0
90.4;0;1
139.7;1;0
124.4;0;1
122.9;0;1
162.2;0;1
62.9;0;1
151.7;0;1
9.9;1;0
173.9;0;1
29.1;1;0
93.9;0;1
57.1;1;0
148.9;0;1
125.2;1;0
168.7;1;0
111.2;1;0
53.8;0;1
97.0;0;1
96.0;1;0
149.2;1;0
16.7;0;1
103.3;0;1
155.0;0;1
131.4;0;1
40.0;0;1
64.9;1;0
178.4;0;1
135.9;1;0
139.3;1;0
131.8;1;0
159.8;1;0
79.8;1;0
83.7;0;1
43.2;0;1
163.2;0;1
35.6;1;0
10.4;1;0
98.6;1;0
71.5;0;1
45.2;1;0
39.9;1;0
114.8;1;0
41.1;1;0
32.0;1;0
132.5;1;0
36.0;0;1
138.0;1;0
15.1;1;0
34.1;1;0
62.9;0;1
6.0;1;0
179.2;0;1
25.8;1;0
175.9;0;1
77.7;1;0
61.5;0;1
109.7;0;1
63.2;1;0
139.9;0;1
151.8;0;1
17.5;0;1
176.6;0;1
153.0;1;0
54.4;0;1
56.3;1;0
97.8;1;0
62.2;0;1
81.7;1;0
55.3;1;0
124.4;1;0
122.9;1;0
172.4;0;1
106.6;0;1
22.4;0;1
118.2;1;0
141.3;1;0
177.5;1;0
49.3;1;0
141.8;0;1
143.6;0;1
21.7;1;0
125.0;0;1
124.7;1;0
36.3;0;1
90.7;0;1
50.4;1;0
76.2;0;1
31.4;0;1
9.5;1;0
176.8;0;1
59.4;1;0
177.3;0;1
88.1;1;0
43.7;1;0
118.7;0;1
30.4;0;1
25.4;1;0
60.6;0;1
53.7;0;1
75.4;1;0
97.6;0;1
63.2;1;0
58.7;0;1
60.7;0;1
102.9;0;1
129.0;1;0
133.1;1;0
120.1;0;1
118.5;0;1
31.5;1;0
105.6;0;1
74.1;1;0
30.8;0;1
125.0;1;0
15.0;1;0
41.2;0;1
105.2;1;0
27.5;0;1
42.9;0;1
40.0;1;0
69.2;0;1
116.0;0;1
24.4;1;0
103.2;0;1
134.2;1;0
82.9;0;1
38.5;0;1
142.0;1;0
147.3;1;0
166.4;0;1
131.8;0;1
175.5;0;1
111.1;1;0
130.5;0;1
134.9;1;0
50.9;0;1
22.6;0;1
164.5;1;0
71.9;1;0
46.9;0;1
64.9;1;0
41.0;1;0
34.2;1;0
8.4;1;0
133.1;0;1
6.7;1;0
155.5;0;1
92.9;0;1
156.0;1;0
24.9;1;0
176.7;1;0
142.5;1;0
114.4;1;0
36.8;0;1
18.3;1;0
73.8;1;0
52.1;0;1
19.6;1;0
171.1;1;0
14.9;0;1
107.4;0;1
138.0;1;0
166.1;0;1
130.8;0;1
36.1;1;0
73.6;0;1
127.7;1;0
43.3;0;1
93.4;0;1
168.2;1;0
160.3;0;1
92.3;1;0
90.4;1;0
120.7;1;0
142.8;1;0
30.4;0;1
103.5;1;0
77.5;1;0
22.1;0;1
35.9;1;0
17.8;1;0
154.1;0;1
99.7;0;1
104.7;0;1
109.5;0;1
157.6;0;1
171.8;0;1
10.4;1;0
47.2;1;0
162.1;1;0
159.4;1;0
126.0;0;1
94.1;0;1
92.5;1;0
162.2;0;1
58.9;0;1
150.5;1;0
75.2;0;1
165.4;0;1
30.0;1;0
144.6;1;0
124.6;1;0
118.4;1;0
43.1;1;0
150.5;0;1
41.3;1;0
6.0;1;0
147.1;1;0
67.4;0;1
143.9;1;0
156.5;0;1
72.4;0;1
153.9;1;0
128.3;1;0
130.1;0;1
112.2;1;0
162.0;1;0
54.4;1;0
119.9;1;0
14.0;0;1
106.7;0;1
14.1;1;0
73.4;0;1
149.6;1;0
179.0;0;1
82.8;0;1
37.6;0;1
19.6;0;1
158.4;1;0
40.4;0;1
123.4;1;0
151.5;1;0
16.8;0;1
142.7;0;1
123.3;0;1
107.5;0;1
40.7;0;1
144.2;0;1
177.2;0;1
170.6;1;0
100.9;0;1
176.5;1;0
54.8;1;0
78.3;1;0
163.4;0;1
137.2;0;1
5.6;0;1
114.7;1;0
37.9;1;0
19.9;0;1
10.8;1;0
96.1;1;0
158.9;0;1
160.1;1;0
17.7;0;1
1.7;0;1
92.0;0;1
100.3;0;1
31.1;0;1
104.8;1;0
122.2;1;0
39.0;0;1
134.6;0;1
25.2;1;0
155.0;1;0
102.3;1;0
131.6;1;0
32.1;0;1
90.2;1;0
157.3;1;0
99.4;1;0
14.4;0;1
136.1;1;0
112.7;0;1
4.3;0;1
174.1;0;1
150.6;0;1
44.1;1;0
14.0;1;0
179.9;1;0
14.9;0;1
35.4;1;0
98.8;1;0
134.7;0;1
100.6;0;1
155.2;0;1
121.2;1;0
166.9;1;0
159.5;0;1
151.3;0;1
176.2;1;0
4.8;0;1
159.4;1;0
24.5;0;1
52.5;0;1
67.1;1;0
28.7;0;1
44.4;0;1
119.4;1;0
127.8;0;1
96.7;1;0
135.9;0;1
40.7;1;0
113.3;1;0
112.9;1;0
140.3;1;0
169.0;0;1
84.9;1;0
163.2;1;0
128.6;1;0
66.7;1;0
72.4;0;1
31.1;0;1
100.1;1;0
88.6;1;0
51.6;0;1
84.1;1;0
179.0;0;1
50.9;1;0
0.8;1;0
79.4;1;0
65.6;1;0
16.5;1;0
112.9;1;0
32.2;0;1
99.6;0;1
2.2;1;0
4.5;1;0
150.5;1;0
134.3;0;1
140.2;0;1
122.0;0;1
140.6;0;1
94.2;0;1
101.1;1;0
88.5;0;1
74.7;1;0
114.1;0;1
110.9;1;0
13.5;0;1
150.3;1;0
147.1;0;1
34.8;1;0
137.2;1;0
144.0;0;1
172.0;1;0
75.2;0;1
47.2;1;0
168.2;0;1
82.4;1;0
0.2;1;0
132.2;0;1
98.3;1;0
146.8;1;0
98.7;0;1
9.5;0;1
96.9;0;1
38.9;1;0
44.6;0;1
145.2;1;0
95.5;0;1
50.5;0;1
64.3;0;1
138.0;0;1
18.2;1;0
31.7;1;0
156.3;1;0
171.3;0;1
145.7;1;0
149.1;0;1
28.7;0;1
111.8;0;1
49.9;1;0
113.7;0;1
164.7;0;1
11.6;1;0
27.1;1;0
60.3;0;1
102.1;0;1
127.0;0;1
31.9;1;0
92.2;0;1
98.0;0;1
30.1;0;1
19.2;1;0
37.1;0;1
50.2;0;1
22.7;0;1
97.3;1;0
151.2;0;1
166.6;1;0
95.9;0;1
50.0;1;0
160.6;0;1
154.7;1;0
136.2;0;1
169.9;0;1
49.5;1;0
150.4;1;0
65.3;0;1
135.8;0;1
98.3;0;1
164.4;1;0
176.5;1;0
103.1;1;0
123.3;0;1
109.7;0;1
141.0;1;0
38.0;0;1
107.8;0;1
34.1;0;1
103.6;1;0
19.8;1;0
86.8;1;0
159.1;0;1
35.2;1;0
53.2;0;1
156.2;1;0
12.6;1;0
123.0;1;0
64.7;0;1
58.2;0;1
108.9;0;1
101.4;0;1
23.1;1;0
113.4;0;1
16.0;1;0
104.0;0;1
71.9;0;1
21.0;0;1
73.3;1;0
171.1;0;1
113.2;0;1
34.1;1;0
44.6;1;0
128.5;0;1
48.7;1;0
123.0;1;0
17.6;0;1
108.2;0;1
99.0;1;0
105.8;1;0
46.6;0;1
113.6;0;1
85.6;0;1
94.8;1;0
150.3;0;1
16.9;1;0
36.4;0;1
44.2;0;1
83.2;0;1
169.4;0;1
88.7;1;0
154.3;0;1
123.7;0;1
57.8;0;1
58.5;1;0
23.9;0;1
131.6;0;1
2.7;1;0
37.7;0;1
90.7;1;0
49.9;0;1
97.2;1;0
171.1;1;0
153.9;0;1
104.6;1;0
168.2;0;1
174.3;0;1
41.0;1;0
11.6;0;1
75.8;1;0
113.0;0;1
118.6;0;1
18.7;0;1
107.4;0;1
153.3;1;0
110.9;0;1
33.3;0;1
123.4;1;0
30.5;0;1
161.7;1;0
28.9;0;1
91.9;1;0
145.3;1;0
91.9;0;1
25.2;1;0
110.0;1;0
171.3;0;1
130.4;1;0
138.2;1;0
48.8;0;1
136.0;0;1
87.7;1;0
90.1;1;0
82.6;0;1
143.9;1;0
111.3;0;1
64.4;0;1
174.5;0;1
52.0;1;0
164.9;1;0
77.6;1;0
44.8;0;1
62.1;0;1
116.8;1;0
120.9;1;0
147.2;1;0
32.0;0;1
74.6;0;1
61.5;1;0
29.8;1;0
67.5;1;0
30.6;0;1
137.3;0;1
176.3;1;0
90.2;0;1
24.3;0;1
119.1;1;0
19.0;1;0
22.9;1;0
164.0;1;0
49.1;0;1
137.8;0;1
8.4;1;0
137.4;0;1
144.5;1;0
99.4;0;1
165.4;1;0
56.2;1;0
4.8;0;1
21.4;0;1
64.4;1;0
16.0;0;1
79.6;1;0
157.1;1;0
45.8;0;1
88.7;0;1
173.8;0;1
69.6;0;1
144.8;0;1
9.7;0;1
139.7;0;1
177.5;0;1
140.6;0;1
6.7;0;1
86.7;0;1
81.0;1;0
55.2;0;1
62.6;0;1
145.8;1;0
53.0;0;1
40.3;0;1
16.5;0;1
26.8;1;0
89.0;1;0
105.4;1;0
119.4;1;0
6.5;0;1
30.9;1;0
14.9;0;1
18.3;1;0
59.5;1;0
125.0;0;1
33.8;0;1
65.3;1;0
172.2;0;1
156.3;0;1
1.4;0;1
87.8;1;0
171.5;0;1
126.9;1;0
125.3;0;1
139.2;1;0
169.4;1;0
94.6;0;1
5.9;1;0
25.7;0;1
148.0;1;0
75.6;1;0
0.5;0;1
25.5;1;0
153.5;0;1
43.8;0;1
9.7;1;0
140.1;0;1
163.5;1;0
136.9;0;1
46.8;1;0
28.3;1;0
62.9;0;1
109.8;1;0
127.3;1;0
149.9;1;0
48.7;1;0
57.8;0;1
53.0;1;0
117.8;1;0
167.0;1;0
111.6;1;0
57.4;0;1
72.0;1;0
55.9;1;0
38.9;0;1
19.8;0;1
101.2;0;1
124.8;0;1
99.1;0;1
91.5;0;1
33.9;1;0
43.3;0;1
147.8;1;0
117.3;1;0
149.1;1;0
76.4;0;1
13.3;1;0
21.5;1;0
123.3;0;1
107.4;0;1
179.7;0;1
127.6;0;1
97.0;0;1
156.5;1;0
166.0;0;1
29.0;0;1
130.5;1;0
1.7;0;1
0.8;0;1
178.6;0;1
68.9;1;0
176.9;1;0
60.5;0;1
157.1;1;0
63.7;1;0
55.2;0;1
40.4;1;0
14.0;1;0
7.8;0;1
143.6;1;0
75.6;1;0
178.3;1;0
102.9;1;0
29.2;1;0
178.0;1;0
158.1;0;1
146.9;0;1
34.3;1;0
113.9;1;0
45.7;0;1
86.6;1;0
148.6;1;0
24.6;0;1
92.9;0;1
164.9;0;1
146.6;0;1
45.7;1;0
75.2;0;1
115.8;0;1
137.1;1;0
13.0;1;0
133.1;1;0
145.8;1;0
37.1;1;0
141.3;0;1
72.7;0;1
156.0;0;1
22.0;1;0
154.2;1;0
29.7;1;0
106.5;0;1
147.9;1;0
79.6;1;0
27.1;0;1
88.2;1;0
128.7;0;1
53.4;1;0
158.9;0;1
27.2;1;0
118.5;0;1
67.3;0;1
7.2;1;0
104.7;0;1
155.6;1;0
98.4;0;1
162.1;0;1
6.3;1;0
114.8;1;0
153.6;1;0
91.7;1;0
62.7;1;0
2.2;0;1
120.2;0;1
92.3;0;1
129.1;1;0
41.9;1;0
4.4;0;1
112.6;0;1
47.4;0;1
37.4;0;1
66.7;0;1
85.8;1;0
77.4;1;0
42.0;1;0
67.4;0;1
66.2;0;1
85.3;0;1
169.1;1;0
32.9;0;1
23.9;0;1
5.1;0;1
37.7;0;1
61.4;0;1
53.2;0;1
41.9;0;1
159.6;0;1
67.0;0;1
100.1;0;1
163.1;0;1
23.0;1;0
22.3;1;0
13.0;0;1
168.7;1;0
33.3;1;0
179.4;0;1
122.9;0;1
94.0;0;1
69.1;0;1
106.8;1;0
14.7;1;0
138.9;0;1
42.2;1;0
131.4;1;0
155.9;0;1
10.2;0;1
45.1;0;1
145.8;1;0
152.9;1;0
68.9;1;0
63.9;1;0
27.8;0;1
127.6;1;0
164.5;1;0
77.5;1;0
42.3;1;0
135.5;0;1
168.6;1;0
139.9;0;1
94.3;0;1
66.7;1;0
164.1;1;0
48.7;1;0
79.8;0;1
86.0;1;0
44.0;0;1
160.6;1;0
20.4;1;0
80.4;0;1
11.6;0;1
149.8;0;1
134.9;0;1
137.0;1;0
69.7;1;0
92.2;1;0
36.8;1;0
113.3;0;1
98.5;1;0
82.9;0;1
7.1;1;0
127.5;1;0
74.0;1;0
17.1;0;1
140.5;1;0
41.0;1;0
168.3;1;0
146.3;0;1
19.2;0;1
167.0;0;1
28.9;0;1
47.6;0;1
25.6;1;0
92.0;1;0
37.9;0;1
116.6;1;0
19.7;1;0
62.4;1;0
93.4;0;1
170.4;0;1
41.5;1;0
124.4;0;1
31.6;0;1
109.0;1;0
27.1;1;0
15.3;0;1
107.4;1;0
72.4;1;0
29.0;0;1
73.7;0;1
46.7;0;1
121.9;1;0
160.8;0;1
68.9;0;1
126.8;0;1
127.3;1;0
142.3;0;1
100.9;0;1
151.1;1;0
171.9;1;0
43.2;0;1
151.8;0;1
5.1;0;1
9.0;1;0
26.4;0;1
153.0;1;0
50.4;0;1
13.3;0;1
86.6;1;0
16.5;1;0
12.2;0;1
164.8;0;1
160.9;0;1
36.6;1;0
123.9;1;0
126.0;0;1
68.0;1;0
50.3;0;1
66.0;0;1
119.0;1;0
35.2;1;0
26.5;0;1
110.5;0;1
80.4;1;0
126.4;1;0
144.0;1;0
135.4;1;0
97.6;1;0
137.2;0;1
73.4;0;1
53.6;0;1
108.4;1;0
166.5;0;1
34.2;0;1
166.7;1;0
101.4;0;1
16.8;1;0
178.8;1;0
110.9;1;0
54.1;0;1
56.9;1;0
93.5;0;1
63.9;0;1
106.7;1;0
126.7;0;1
156.5;1;0
163.4;1;0
141.8;1;0
179.9;1;0
53.7;1;0
83.8;0;1
34.7;1;0
150.8;0;1
102.3;0;1
173.5;0;1
8.5;0;1
46.0;0;1
6.4;0;1
123.4;1;0
27.7;0;1
32.5;0;1
125.3;1;0
49.2;1;0
25.9;0;1
7.9;1;0
87.9;1;0
49.5;1;0
105.6;0;1
24.9;0;1
141.7;1;0
140.6;0;1
77.7;1;0
168.4;0;1
157.8;0;1
20.7;1;0
17.9;0;1
19.0;1;0
54.0;0;1
110.1;0;1
137.3;0;1
31.1;1;0
43.5;1;0
94.4;0;1
72.9;1;0
149.9;1;0
113.0;0;1
155.7;0;1
99.5;0;1
64.0;0;1
140.4;1;0
69.8;0;1
1.5;0;1
80.2;0;1
136.9;0;1
16.2;1;0
20.5;1;0
175.5;0;1
105.0;1;0
115.1;0;1
152.9;1;0
110.8;1;0
36.5;0;1
45.3;0;1
90.2;0;1
63.8;1;0
179.1;0;1
79.5;1;0
81.8;1;0
128.5;0;1
45.9;0;1
85.8;0;1
58.8;0;1
142.1;0;1
141.0;0;1
65.5;1;0
16.0;0;1
157.5;1;0
24.8;1;0
85.2;1;0
32.3;1;0
53.4;1;0
140.4;1;0
161.1;0;1
1.0;0;1
40.5;1;0
80.1;0;1
77.6;0;1
55.5;0;1
75.1;0;1
66.7;0;1
79.3;0;1
120.0;1;0
96.3;1;0
138.3;1;0
136.1;1;0
70.0;0;1
83.7;1;0
171.4;0;1
45.2;0;1
155.2;1;0
74.9;1;0
32.1;0;1
93.1;1;0
30.6;0;1
111.4;1;0
177.1;1;0
113.4;0;1
32.5;1;0
165.8;1;0
104.2;0;1
169.1;0;1
135.5;1;0
17.8;1;0
109.5;0;1
165.2;1;0
16.2;1;0
31.1;1;0
47.1;0;1
67.8;1;0
8.7;0;1
67.7;0;1
79.1;1;0
136.6;0;1
118.9;0;1
138.4;1;0
179.3;0;1
10.2;1;0
14.7;0;1
106.4;1;0
118.1;1;0
140.6;1;0
14.9;1;0
112.3;0;1
49.1;0;1
138.0;1;0
19.2;0;1
80.3;1;0
127.7;0;1
43.9;1;0
145.2;1;0
165.0;1;0
86.0;0;1
58.0;0;1
165.1;0;1
142.2;0;1
0.8;0;1
63.6;1;0
44.6;0;1
6.8;0;1
78.4;0;1
76.2;0;1
3.5;1;0
52.5;1;0
6.7;0;1
169.7;0;1
63.1;1;0
143.4;0;1
158.2;0;1
148.9;1;0
42.6;1;0
49.4;0;1
81.5;1;0
155.5;1;0
167.9;0;1
160.0;0;1
167.4;1;0
47.3;0;1
99.0;0;1
150.6;0;1
89.6;0;1
108.8;0;1
49.8;1;0
138.7;0;1
50.0;0;1
47.9;0;1
168.2;0;1
84.1;0;1
78.3;1;0
14.3;1;0
76.4;0;1
158.0;1;0
169.5;1;0
17.0;1;0
1.3;0;1
154.3;0;1
80.6;0;1
14.1;1;0
145.9;1;0
14.0;1;0
127.9;1;0
17.4;1;0
150.8;0;1
34.3;0;1
39.9;0;1
129.7;1;0
45.6;0;1
2.6;1;0
145.4;0;1
1.8;0;1
30.4;0;1
31.4;1;0
2.8;1;0
74.8;0;1
167.2;0;1
104.1;0;1
154.3;1;0
56.5;1;0
41.1;0;1
97.3;0;1
133.5;0;1
0.9;0;1
124.6;1;0
154.2;1;0
71.6;0;1
74.1;1;0
50.1;1;0
100.6;1;0
71.8;0;1
130.8;0;1
2.8;1;0
29.2;1;0
6.9;1;0
2.4;1;0
117.0;0;1
104.0;0;1
118.2;0;1
2.8;1;0
40.7;0;1
13.2;1;0
104.9;0;1
80.3;1;0
56.7;1;0
23.8;0;1
90.3;1;0
97.0;0;1
88.4;1;0
9.7;1;0
75.0;1;0
94.8;1;0
2.8;0;1
159.5;1;0
47.6;1;0
136.1;1;0
130.7;1;0
168.4;1;0
85.5;1;0
46.4;1;0
157.3;0;1
91.9;0;1
53.5;0;1
108.8;1;0
41.0;1;0
148.0;0;1
159.6;1;0
173.5;1;0
155.5;0;1
6.6;0;1
7.1;1;0
141.7;1;0
127.5;1;0
150.6;1;0
29.1;0;1
112.0;1;0
38.0;1;0
68.9;0;1
89.5;1;0
6.7;0;1
158.4;0;1
18.4;0;1
105.5;1;0
17.5;0;1
97.3;1;0
125.9;1;0
146.6;0;1
109.8;0;1
158.6;1;0
115.5;1;0
81.0;1;0
63.3;0;1
29.9;0;1
82.5;0;1
4.1;1;0
71.1;0;1
16.2;1;0
31.8;1;0
80.1;1;0
29.9;0;1
155.2;1;0
29.4;1;0
149.8;0;1
162.8;1;0
12.4;1;0
171.1;1;0
135.6;1;0
40.4;0;1
59.9;0;1
105.2;0;1
174.0;0;1
124.0;0;1
86.6;1;0
158.4;1;0
93.3;1;0
14.7;0;1
50.1;0;1
166.4;0;1
163.4;1;0
37.3;1;0
91.2;1;0
70.4;0;1
109.2;1;0
155.8;0;1
129.1;1;0
122.1;0;1
128.9;0;1
118.8;0;1
32.8;1;0
114.5;0;1
98.4;1;0
99.4;1;0
35.3;0;1
98.6;0;1
153.4;1;0
165.3;1;0
151.3;1;0
18.4;0;1
165.5;1;0
75.5;0;1
101.1;1;0
170.7;1;0
99.4;0;1
69.4;1;0
41.7;0;1
172.2;0;1
161.2;1;0
3.7;1;0
54.8;0;1
96.4;0;1
54.8;0;1
59.4;0;1
42.9;0;1
144.4;0;1
122.9;0;1
119.3;1;0
45.0;0;1
65.0;1;0
67.0;1;0
20.9;0;1
24.9;1;0
55.9;0;1
113.8;0;1
35.6;0;1
161.3;1;0
116.4;0;1
36.1;1;0
21.3;1;0
82.1;1;0
131.8;1;0
157.8;0;1
120.6;0;1
3.3;1;0
52.2;0;1
161.2;1;0
78.8;1;0
0.3;1;0
159.7;0;1
127.3;0;1
114.2;1;0
104.3;0;1
75.9;1;0
105.2;1;0
118.9;1;0
159.6;0;1
64.4;0;1
8.3;1;0
55.0;0;1
59.2;0;1
161.3;1;0
59.2;1;0
72.0;1;0
72.8;1;0
6.9;0;1
122.5;0;1
141.5;1;0
170.9;1;0
132.3;0;1
22.4;1;0
43.1;0;1
176.9;1;0
6.9;1;0
112.1;1;0
136.7;1;0
169.9;1;0
1.0;0;1
97.4;1;0
4.2;1;0
20.8;0;1
68.0;1;0
75.8;1;0
8.5;0;1
56.5;0;1
172.6;1;0
82.2;0;1
119.0;0;1
35.3;1;0
19.1;0;1
45.2;0;1
167.3;0;1
110.7;1;0
111.9;1;0
20.3;0;1
74.8;1;0
26.2;0;1
2.5;1;0
100.8;1;0
16.9;1;0
3.0;0;1
3.4;0;1
176.5;0;1
4.8;1;0
46.2;1;0
46.5;1;0
155.9;1;0
133.6;1;0
126.4;0;1
23.5;0;1
123.7;1;0
120.0;1;0
139.4;1;0
72.5;0;1
151.7;1;0
110.5;1;0
116.2;1;0
18.4;1;0
144.5;0;1
19.9;0;1
176.0;0;1
26.0;0;1
125.7;0;1
82.4;1;0
58.6;0;1
67.5;0;1
156.4;1;0
96.8;1;0
169.0;1;0
67.2;0;1
13.8;0;1
79.5;1;0
25.7;1;0
162.9;1;0
114.0;0;1
87.4;0;1
136.5;1;0
132.6;0;1
79.1;0;1
87.1;0;1
160.0;0;1
72.0;1;0
66.5;0;1
175.5;0;1
129.8;0;1
28.4;1;0
50.6;0;1
136.5;1;0
149.9;0;1
166.4;0;1
18.4;1;0
118.5;0;1
2.4;1;0
89.9;0;1
0.4;1;0
110.9;0;1
24.6;0;1
74.3;0;1
150.3;0;1
115.7;1;0
119.9;1;0
29.3;0;1
112.0;0;1
101.8;1;0
107.7;0;1
27.2;0;1
67.2;0;1
105.5;1;0
135.0;0;1
118.0;0;1
174.1;0;1
62.4;1;0
144.1;1;0
6.9;0;1
17.5;0;1
48.3;0;1
70.6;1;0
10.1;0;1
100.7;0;1
59.9;0;1
171.8;1;0
75.2;0;1
96.6;1;0
81.5;0;1
158.3;0;1
10.9;1;0
167.4;1;0
19.7;0;1
21.2;1;0
71.9;0;1
80.7;0;1
152.4;1;0
31.4;0;1
141.2;0;1
153.4;1;0
138.6;1;0
40.0;1;0
46.8;0;1
139.7;1;0
72.9;0;1
86.5;0;1
76.0;0;1
131.4;0;1
123.3;1;0
177.0;1;0
8.0;0;1
93.7;1;0
162.5;0;1
97.0;1;0
38.3;0;1
44.3;0;1
7.1;0;1
128.9;0;1
133.3;1;0
175.5;0;1
80.3;0;1
104.0;0;1
91.1;1;0
174.7;0;1
29.2;1;0
67.0;0;1
120.4;0;1
147.6;1;0
72.3;1;0
157.3;1;0
92.5;0;1
75.5;0;1
21.5;0;1
151.2;1;0
114.4;1;0
22.5;1;0
1.6;1;0
71.6;1;0
129.0;0;1
170.6;0;1
159.6;0;1
99.1;0;1
83.3;0;1
30.9;1;0
77.6;1;0
143.9;0;1
129.5;0;1
67.1;0;1
57.4;1;0
166.0;0;1
82.9;0;1
112.2;0;1
147.7;1;0
131.7;0;1
152.7;0;1
36.1;1;0
21.2;1;0
37.0;0;1
67.5;0;1
105.3;0;1
119.7;1;0
104.2;0;1
134.0;1;0
94.5;0;1
76.7;1;0
150.0;0;1
9.7;1;0
157.9;0;1
36.4;1;0
75.9;0;1
165.5;0;1
126.5;1;0
149.8;1;0
27.5;1;0
137.6;1;0
45.4;0;1
62.5;1;0
174.7;1;0
151.6;0;1
70.0;1;0
34.8;1;0
125.4;1;0
163.9;0;1
58.9;0;1
94.4;0;1
175.1;0;1
48.3;0;1
21.5;1;0
25.3;0;1
8.3;0;1
22.0;0;1
19.7;0;1
146.2;1;0
96.3;1;0
165.4;1;0
11.6;1;0
107.4;1;0
161.6;0;1
119.2;1;0
102.7;1;0
15.5;1;0
51.8;1;0
159.3;0;1
122.1;0;1
17.6;1;0
172.0;1;0
92.6;0;1
64.1;0;1
150.5;0;1
132.0;1;0
112.1;1;0
58.2;0;1
47.9;0;1
158.9;0;1
93.9;1;0
78.3;1;0
97.2;1;0
133.7;1;0
109.2;0;1
90.7;1;0
103.4;0;1
22.5;1;0
82.7;1;0
83.4;0;1
70.6;0;1
171.1;1;0
107.8;1;0
69.2;0;1
19.2;1;0
60.2;1;0
72.7;1;0
170.1;0;1
115.1;0;1
31.1;0;1
149.0;1;0
140.6;0;1
125.2;0;1
128.3;0;1
44.6;1;0
86.4;0;1
176.8;1;0
37.2;1;0
146.1;1;0
128.9;0;1
90.2;0;1
76.2;1;0
13.2;0;1
89.4;0;1
138.4;1;0
148.6;0;1
20.8;1;0
60.5;1;0
138.0;0;1
176.8;1;0
89.7;0;1
15.1;1;0
162.0;0;1
172.8;1;0
4.6;1;0
148.5;0;1
38.4;1;0
68.5;0;1
0.7;0;1
27.7;1;0
135.3;1;0
31.8;0;1
151.3;0;1
142.3;0;1
137.6;1;0
147.6;1;0
120.6;0;1
50.3;1;0
37.6;0;1
179.7;0;1
172.3;0;1
114.2;1;0
79.8;0;1
136.3;1;0
28.8;1;0
169.4;0;1
78.2;1;0
140.5;0;1
114.5;1;0
102.1;0;1
98.1;0;1
69.4;0;1
62.1;0;1
42.5;0;1
166.6;1;0
171.6;1;0
172.1;0;1
120.7;1;0
3.0;0;1
15.6;0;1
23.5;1;0
116.0;1;0
154.0;0;1
53.8;1;0
114.7;0;1
174.5;1;0
113.3;0;1
124.8;0;1
114.0;0;1
88.3;0;1
46.5;0;1
2.2;1;0
4.1;0;1
58.3;1;0
16.7;1;0
101.8;1;0
31.9;0;1
26.5;0;1
108.4;0;1
41.0;1;0
32.5;0;1
105.2;1;0
118.1;1;0
96.6;1;0
11.7;0;1
139.2;1;0
46.0;0;1
161.9;0;1
38.1;1;0
54.4;0;1
132.5;0;1
178.4;0;1
136.0;0;1
82.6;1;0
140.4;1;0
8.2;1;0
2.4;1;0
134.2;1;0
83.3;0;1
86.6;1;0
57.9;0;1
124.3;1;0
111.2;1;0
51.0;0;1
178.9;1;0
138.2;1;0
67.6;0;1
49.5;1;0
42.3;1;0
101.3;1;0
76.7;0;1
32.3;0;1
2.8;0;1
113.1;0;1
150.9;1;0
52.6;0;1
131.1;1;0
90.3;1;0
71.8;0;1
144.9;1;0
7.6;1;0
168.0;0;1
12.0;1;0
171.6;0;1
66.7;0;1
112.4;1;0
124.4;1;0
128.8;1;0
109.3;1;0
144.9;0;1
34.2;0;1
47.4;0;1
14.2;1;0
81.1;0;1
177.2;0;1
165.5;1;0
84.6;0;1
57.5;0;1
9.1;0;1
58.0;0;1
125.9;0;1
163.1;0;1
23.6;1;0
42.1;0;1
168.3;1;0
9.1;1;0
167.1;0;1
5.5;1;0
135.6;0;1
84.1;1;0
176.9;1;0
176.2;1;0
134.4;1;0
112.5;0;1
47.8;0;1
79.5;0;1
155.1;0;1
147.3;1;0
167.0;1;0
37.2;0;1
178.5;0;1
150.3;1;0
40.8;1;0
149.4;1;0
153.9;0;1
88.9;0;1
6.8;1;0
1.3;1;0
111.9;0;1
108.4;0;1
94.7;1;0
172.6;1;0
83.3;0;1
130.3;1;0
45.3;0;1
165.7;0;1
5.0;1;0
56.5;1;0
61.4;0;1
126.8;1;0
110.0;0;1
107.3;1;0
158.4;0;1
133.6;0;1
133.4;1;0
30.6;1;0
127.7;1;0
4.6;0;1
46.0;0;1
14.6;0;1
41.0;0;1
9.5;0;1
16.1;0;1
147.7;0;1
149.0;0;1
135.9;1;0
14.6;1;0
100.7;0;1
114.4;0;1
122.1;1;0
141.3;0;1
146.7;0;1
159.6;1;0
67.6;1;0
164.2;1;0
169.5;0;1
160.1;1;0
130.5;1;0
171.0;1;0
34.4;1;0
97.9;1;0
102.4;1;0
58.7;1;0
9.4;0;1
120.3;0;1
1.4;0;1
19.9;1;0
67.3;0;1
43.8;0;1
59.1;1;0
130.2;1;0
11.9;1;0
178.6;1;0
29.4;0;1
11.2;0;1
32.2;0;1
60.9;1;0
100.3;1;0
1.8;0;1
115.2;0;1
147.1;0;1
70.3;0;1
105.7;0;1
54.1;0;1
43.2;0;1
136.2;0;1
109.2;0;1
56.2;0;1
41.3;0;1
112.6;1;0
47.1;1;0
176.3;0;1
123.4;1;0
117.1;1;0
16.8;1;0
143.2;0;1
161.9;0;1
118.3;0;1
9.6;1;0
81.5;1;0
95.6;0;1
115.9;1;0
102.2;0;1
17.2;1;0
152.3;1;0
166.9;0;1
162.9;0;1
7.1;0;1
91.3;1;0
130.1;0;1
111.7;0;1
131.8;1;0
65.5;1;0
162.3;0;1
6.1;1;0
141.9;0;1
133.6;1;0
88.4;0;1
135.6;0;1
152.7;0;1
33.7;1;0
158.7;1;0
74.6;0;1
51.7;1;0
160.4;0;1
134.4;0;1
52.1;1;0
3.8;1;0
168.8;1;0
165.8;1;0
3.6;0;1
50.2;0;1
9.4;0;1
88.0;0;1
161.9;1;0
36.7;0;1
24.5;1;0
53.9;1;0
145.2;0;1
90.6;1;0
126.2;1;0
131.6;0;1
101.8;1;0
25.5;0;1
146.9;0;1
91.2;1;0
155.4;0;1
12.6;0;1
36.7;0;1
169.6;1;0
25.6;1;0
73.6;0;1
101.3;1;0
173.7;0;1
103.9;0;1
126.0;1;0
11.7;0;1
59.4;0;1
148.3;0;1
123.6;0;1
84.6;0;1
32.6;0;1
105.7;1;0
114.9;0;1
177.8;0;1
134.0;0;1
93.8;1;0
103.1;1;0
144.1;0;1
29.1;1;0
55.3;0;1
44.1;1;0
29.7;0;1
65.9;1;0
98.9;0;1
42.9;1;0
127.6;0;1
30.8;0;1
113.6;0;1
179.6;0;1
66.5;1;0
0.6;1;0
18.5;0;1
107.4;0;1
83.7;0;1
62.3;1;0
163.3;0;1
136.2;1;0
60.6;1;0
160.5;1;0
102.3;1;0
176.4;1;0
103.0;1;0
89.7;1;0
126.7;0;1
179.5;1;0
140.8;1;0
151.3;0;1
114.2;0;1
91.8;1;0
123.1;1;0
103.1;1;0
85.9;0;1
11.8;0;1
23.3;0;1
133.7;1;0
122.6;0;1
112.2;1;0
102.1;0;1
57.2;1;0
87.2;0;1
22.1;1;0
50.5;1;0
12.5;0;1
30.3;1;0
170.0;0;1
111.4;1;0
64.1;1;0
150.5;1;0
104.3;0;1
11.2;1;0
157.6;1;0
132.5;0;1
2.9;0;1
2.1;0;1
72.6;0;1
72.2;1;0
40.9;0;1
80.2;1;0
128.1;1;0
8.8;1;0
14.6;1;0
27.2;0;1
42.5;0;1
39.8;1;0
84.7;1;0
88.4;1;0
117.9;0;1
22.2;0;1
82.7;1;0
108.4;1;0
34.5;0;1
104.4;0;1
99.9;1;0
46.0;1;0
118.5;0;1
170.2;0;1
58.1;0;1
115.4;1;0
145.2;1;0
41.6;0;1
65.5;0;1
104.8;0;1
39.0;0;1
117.9;0;1
177.4;1;0
96.2;0;1
97.5;1;0
157.8;0;1
41.5;1;0
88.4;0;1
25.0;0;1
15.4;1;0
31.2;0;1
138.7;1;0
132.2;0;1
54.8;0;1
24.1;0;1
77.5;0;1
51.7;0;1
3.0;0;1
112.7;1;0
58.2;1;0
168.6;1;0
158.0;0;1
56.0;1;0
99.2;0;1
23.0;1;0
11.0;0;1
138.7;1;0
47.4;0;1
124.5;0;1
36.3;0;1
130.3;0;1
8.1;1;0
116.6;1;0
163.6;1;0
54.7;0;1
105.9;0;1
64.5;1;0
147.9;0;1
90.8;1;0
120.4;1;0
73.6;0;1
133.3;1;0
98.1;0;1
10.9;1;0
80.8;0;1
173.3;0;1
33.3;0;1
102.3;0;1
9.5;1;0
76.4;0;1
100.1;1;0
14.8;1;0
8.5;1;0
163.4;1;0
144.1;0;1
121.5;1;0
75.8;1;0
94.9;1;0
143.2;0;1
166.5;0;1
60.4;0;1
130.3;0;1
94.3;1;0
92.8;1;0
139.3;0;1
23.5;0;1
159.6;1;0
37.3;0;1
106.0;0;1
107.7;0;1
112.3;1;0
158.9;1;0
157.9;1;0
142.3;0;1
70.1;1;0
163.7;0;1
145.1;1;0
157.1;0;1
43.2;0;1
36.8;1;0
97.3;1;0
85.4;1;0
124.1;0;1
141.1;1;0
67.0;0;1
27.7;1;0
64.5;0;1
38.0;1;0
56.5;1;0
53.2;0;1
7.7;1;0
17.7;1;0
172.8;0;1
59.3;0;1
6.6;0;1
92.8;1;0
64.7;1;0
67.6;1;0
113.4;1;0
69.5;1;0
127.8;1;0
13.3;1;0
63.4;0;1
162.7;0;1
87.0;0;1
128.2;1;0
173.6;1;0
44.6;1;0
135.2;0;1
25.9;1;0
59.3;1;0
81.0;0;1
175.6;0;1
146.6;1;0
134.7;0;1
57.0;0;1
28.2;0;1
121.9;1;0
0.1;0;1
141.4;1;0
118.6;0;1
5.0;1;0
141.6;1;0
173.5;0;1
156.0;0;1
41.8;1;0
5.8;0;1
83.8;1;0
26.9;1;0
0.3;1;0
178.5;1;0
175.7;0;1
16.4;1;0
162.0;0;1
27.2;1;0
175.2;0;1
104.9;0;1
157.2;1;0
106.6;0;1
126.0;1;0
44.3;1;0
101.6;0;1
62.2;0;1
26.4;1;0
125.8;1;0
56.5;0;1
53.8;0;1
175.2;0;1
18.2;0;1
7.8;0;1
171.3;1;0
160.8;1;0
135.8;1;0
36.0;0;1
60.8;0;1
82.7;1;0
130.6;0;1
12.5;1;0
128.9;1;0
128.1;0;1
52.1;0;1
17.9;1;0
122.3;1;0
17.1;0;1
1.3;1;0
50.9;0;1
112.5;0;1
113.6;0;1
27.2;1;0
118.0;1;0
167.8;0;1
133.1;1;0
78.0;1;0
178.8;0;1
0.9;1;0
79.7;0;1
152.6;1;0
82.5;0;1
99.3;0;1
109.5;0;1
68.1;1;0
61.9;1;0
1.0;0;1
29.4;1;0
43.7;0;1
91.8;0;1
128.6;1;0
99.3;1;0
112.1;0;1
126.3;1;0
101.7;1;0
56.9;0;1
103.4;1;0
104.3;1;0
43.7;1;0
4.2;1;0
63.0;0;1
75.2;1;0
150.5;0;1
165.3;1;0
7.7;1;0
52.6;0;1
116.9;0;1
140.0;1;0
84.6;1;0
21.8;0;1
22.9;1;0
147.9;1;0
140.4;1;0
164.0;0;1
22.8;0;1
39.6;0;1
63.6;0;1
137.7;0;1
145.7;1;0
103.6;1;0
114.0;0;1
101.5;1;0
9.7;1;0
171.9;0;1
95.0;1;0
57.6;0;1
52.0;0;1
14.6;0;1
85.0;1;0
7.5;0;1
30.4;1;0
124.7;1;0
14.0;1;0
15.4;1;0
130.2;0;1
130.0;1;0
179.5;0;1
23.9;0;1
56.6;0;1
151.6;1;0
62.7;1;0
45.5;0;1
48.6;1;0
3.5;0;1
177.3;0;1
122.8;1;0
103.9;1;0
164.5;0;1
107.6;0;1
134.8;1;0
106.7;0;1
80.4;0;1
47.7;1;0
57.3;0;1
34.9;0;1
12.5;1;0
60.4;1;0
128.0;1;0
88.7;1;0
160.6;1;0
29.0;1;0
79.4;1;0
122.4;1;0
52.6;1;0
105.1;0;1
87.7;1;0
64.6;0;1
69.9;0;1
40.3;1;0
106.0;1;0
178.1;1;0
144.4;0;1
46.4;0;1
3.7;1;0
123.5;0;1
21.4;1;0
145.4;0;1
2.8;0;1
155.9;0;1
83.4;0;1
58.8;0;1
100.6;1;0
41.8;1;0
106.9;0;1
43.9;0;1
40.4;0;1
174.9;1;0
36.1;1;0
61.3;0;1
162.5;1;0
109.0;0;1
75.6;1;0
58.9;1;0
9.1;0;1
111.5;0;1
179.2;0;1
100.0;1;0
107.6;0;1
100.1;0;1
62.7;1;0
0.6;1;0
112.1;0;1
65.2;0;1
156.8;1;0
84.5;0;1
113.4;1;0
40.2;0;1
94.0;0;1
117.2;1;0
45.5;0;1
120.6;1;0
117.1;1;0
39.1;1;0
32.9;1;0
96.2;1;0
70.5;0;1
70.3;0;1
107.2;1;0
114.0;1;0
124.8;1;0
29.4;0;1
32.7;0;1
166.3;0;1
39.9;1;0
42.3;1;0
94.8;0;1
62.0;1;0
3.7;0;1
11.3;0;1
9.3;1;0
161.1;0;1
11.7;1;0
71.4;0;1
73.5;1;0
39.7;0;1
143.8;1;0
109.7;0;1
71.4;0;1
131.2;0;1
10.5;1;0
145.7;0;1
150.0;0;1
124.2;1;0
87.6;0;1
70.2;0;1
107.4;0;1
172.7;1;0
154.5;0;1
107.9;1;0
167.2;0;1
22.5;0;1
138.1;1;0
170.4;0;1
80.2;0;1
66.0;1;0
163.9;0;1
94.9;0;1
111.6;1;0
131.2;1;0
91.6;1;0
58.1;1;0
73.2;1;0
8.1;0;1
177.3;1;0
30.9;0;1
160.5;1;0
114.2;1;0
143.4;0;1
139.8;0;1
43.2;0;1
121.8;1;0
94.2;1;0
17.3;1;0
94.3;0;1
175.9;1;0
145.3;1;0
168.4;0;1
73.8;0;1
175.5;0;1
16.9;1;0
37.4;0;1
132.2;0;1
171.9;1;0
177.5;0;1
66.7;0;1
167.6;1;0
61.7;0;1
134.5;0;1
18.9;1;0
145.2;1;0
54.0;0;1
49.2;1;0
20.0;0;1
132.5;1;0
88.3;0;1
10.0;1;0
63.8;1;0
26.3;0;1
136.9;1;0
43.5;1;0
10.0;0;1
58.9;0;1
55.2;0;1
23.3;1;0
98.1;1;0
158.4;1;0
19.5;0;1
81.2;1;0
24.1;1;0
28.1;1;0
115.5;0;1
64.5;0;1
117.6;1;0
102.8;0;1
12.5;1;0
108.3;1;0
24.6;1;0
47.7;1;0
125.8;0;1
88.0;1;0
78.2;1;0
125.4;1;0
55.1;1;0
30.4;0;1
136.0;1;0
42.2;0;1
29.6;0;1
79.3;1;0
151.9;1;0
121.7;1;0
49.5;1;0
90.2;1;0
47.3;1;0
96.2;1;0
58.3;1;0
138.8;0;1
80.8;0;1
147.7;0;1
79.9;0;1
85.1;0;1
25.7;0;1
170.9;0;1
30.0;1;0
155.8;1;0
112.5;1;0
97.0;0;1
153.1;0;1
49.1;1;0
86.7;0;1
17.6;1;0
84.0;1;0
68.2;0;1
141.6;1;0
149.5;0;1
99.8;0;1
67.2;1;0
174.8;1;0
55.0;1;0
82.2;1;0
149.0;0;1
60.6;1;0
19.9;1;0
103.2;0;1
105.7;1;0
111.4;1;0
93.0;0;1
14.2;0;1
16.5;0;1
136.8;0;1
90.9;1;0
58.5;1;0
13.8;1;0
3.7;0;1
107.1;0;1
35.4;0;1
90.3;0;1
31.7;0;1
24.8;0;1
57.4;1;0
179.8;0;1
165.3;0;1
147.4;1;0
25.4;0;1
64.3;0;1
114.5;1;0
70.3;0;1
15.4;0;1
5.0;0;1
23.7;0;1
58.9;0;1
102.8;1;0
135.6;1;0
66.8;1;0
97.3;0;1
75.2;0;1
125.0;0;1
179.4;1;0
87.9;0;1
141.2;1;0
70.9;0;1
151.1;0;1
156.2;1;0
115.4;1;0
25.4;1;0
110.6;1;0
173.2;1;0
79.9;0;1
124.6;0;1
144.2;0;1
94.7;1;0
158.4;1;0
105.1;1;0
175.3;1;0
167.6;1;0
107.7;0;1
61.5;1;0
84.5;0;1
173.9;0;1
150.0;1;0
19.7;1;0
21.9;0;1
176.9;0;1
161.0;0;1
67.9;0;1
103.7;0;1
26.8;1;0
131.5;1;0
121.3;0;1
153.2;0;1
82.8;1;0
116.5;1;0
94.0;0;1
33.4;0;1
158.3;1;0
177.3;0;1
76.4;0;1
5.8;0;1
171.9;1;0
65.7;1;0
165.6;1;0
36.7;0;1
132.9;0;1
151.5;0;1
99.4;0;1
56.4;1;0
111.2;1;0
118.1;0;1
16.8;0;1
20.3;1;0
171.5;1;0
134.3;1;0
174.7;0;1
48.5;1;0
20.6;0;1
113.3;0;1
155.3;0;1
15.3;1;0
75.7;1;0
4.6;1;0
83.0;1;0
78.0;1;0
142.0;1;0
75.3;0;1
24.2;0;1
137.8;0;1
1.1;0;1
146.6;1;0
178.3;1;0
41.3;1;0
113.4;1;0
116.0;0;1
179.9;0;1
61.3;1;0
81.0;1;0
127.5;1;0
42.6;1;0
110.9;0;1
17.0;0;1
90.2;0;1
173.3;0;1
47.1;1;0
65.7;0;1
75.5;0;1
127.0;0;1
51.8;1;0
43.0;1;0
22.8;1;0
7.5;0;1
105.2;0;1
11.6;1;0
31.0;0;1
139.6;0;1
17.2;1;0
135.9;0;1
58.3;1;0
148.5;0;1
27.9;0;1
95.8;1;0
46.3;0;1
133.8;0;1
35.6;1;0
177.5;1;0
158.6;0;1
93.8;0;1
97.2;1;0
39.3;1;0
127.2;1;0
105.5;0;1
57.7;1;0
35.3;0;1
151.2;0;1
50.8;1;0
119.3;1;0
84.2;1;0
75.2;0;1
57.6;1;0
91.7;0;1
103.2;1;0
166.7;1;0
29.2;1;0
103.2;1;0
173.3;0;1
169.7;0;1
4.1;0;1
36.8;0;1
27.2;1;0
96.0;0;1
129.7;0;1
163.0;0;1
85.4;0;1
143.9;0;1
45.8;0;1
24.9;1;0
158.5;0;1
4.1;0;1
173.8;0;1
42.4;0;1
100.9;0;1
142.9;0;1
49.2;1;0
62.3;1;0
150.3;1;0
117.3;0;1
37.4;0;1
50.7;1;0
175.5;0;1
71.0;0;1
37.9;0;1
164.9;1;0
164.4;1;0
105.5;0;1
7.1;1;0
11.7;0;1
5.2;1;0
116.1;0;1
160.2;1;0
26.4;0;1
31.2;0;1
15.1;1;0
52.5;0;1
39.5;0;1
31.6;1;0
0.1;1;0
68.6;1;0
67.9;1;0
7.7;1;0
109.5;1;0
84.1;0;1
89.3;0;1
32.3;1;0
134.7;1;0
1.4;0;1
50.4;1;0
32.1;1;0
177.4;1;0
13.6;0;1
150.2;0;1
153.8;0;1
75.8;1;0
116.5;0;1
157.1;0;1
125.5;0;1
37.0;0;1
45.7;0;1
48.7;0;1
144.9;1;0
4.5;1;0
58.2;0;1
18.0;1;0
126.9;0;1
147.8;1;0
89.3;0;1
160.1;0;1
166.9;0;1
118.5;1;0
19.1;1;0
50.2;1;0
73.0;1;0
125.7;1;0
4.9;1;0
139.3;1;0
126.6;0;1
146.5;1;0
130.9;1;0
96.8;1;0
35.1;1;0
99.2;1;0
64.0;1;0
49.4;0;1
34.6;1;0
43.8;1;0
77.8;0;1
9.3;1;0
71.1;1;0
71.0;1;0
71.5;0;1
73.8;1;0
166.5;0;1
156.1;1;0
65.0;1;0
176.5;0;1
139.6;1;0
12.4;0;1
117.1;0;1
33.6;0;1
152.7;0;1
176.3;1;0
170.2;1;0
64.2;1;0
93.9;1;0
34.0;1;0
48.0;0;1
85.2;0;1
51.5;0;1
44.1;1;0
7.4;0;1
172.4;0;1
141.3;0;1
15.2;0;1
121.6;0;1
61.3;0;1
105.8;0;1
135.4;1;0
121.1;1;0
119.1;1;0
3.7;1;0
15.9;0;1
123.1;0;1
145.5;1;0
103.1;1;0
97.9;1;0
149.8;1;0
139.0;0;1
6.1;1;0
100.1;0;1
148.3;1;0
3.7;0;1
58.3;1;0
148.3;1;0
94.3;0;1
50.3;1;0
99.1;0;1
86.8;1;0
135.1;0;1
36.6;1;0
73.2;0;1
168.5;1;0
60.6;1;0
62.4;1;0
77.6;0;1
170.6;0;1
64.4;1;0
123.9;1;0
107.5;0;1
24.4;0;1
174.5;1;0
74.9;1;0
95.4;1;0
66.6;0;1
132.8;0;1
58.4;1;0
8.2;0;1
120.7;0;1
51.3;1;0
23.8;1;0
171.7;0;1
24.3;0;1
114.5;0;1
79.9;0;1
75.2;1;0
117.3;0;1
121.9;1;0
104.7;1;0
159.5;1;0
166.9;1;0
49.1;0;1
40.4;1;0
145.8;1;0
56.6;0;1
115.0;0;1
172.4;0;1
86.5;1;0
163.7;1;0
163.6;1;0
96.2;1;0
25.6;1;0
98.2;1;0
43.8;0;1
136.1;0;1
138.2;1;0
8.2;0;1
51.3;1;0
128.4;1;0
158.2;1;0
138.4;1;0
83.2;0;1
44.3;0;1
63.5;1;0
166.3;0;1
98.2;0;1
71.7;1;0
139.7;0;1
91.2;0;1
53.2;1;0
112.0;0;1
69.0;1;0
96.7;1;0
125.3;0;1
142.7;0;1
177.4;0;1
115.1;1;0
117.1;0;1
112.3;1;0
101.8;0;1
120.5;1;0
96.9;0;1
32.7;1;0
64.8;1;0
39.4;0;1
80.5;1;0
93.2;0;1
21.2;0;1
117.3;1;0
108.9;0;1
38.3;0;1
133.8;1;0
45.3;1;0
39.0;0;1
47.7;0;1
70.6;1;0
73.1;1;0
129.5;1;0
151.4;0;1
63.7;1;0
87.5;1;0
158.5;1;0
1.6;0;1
46.0;1;0
81.0;0;1
114.3;1;0
110.9;0;1
156.3;0;1
27.7;1;0
1.4;0;1
60.5;0;1
26.1;1;0
116.3;0;1
154.1;0;1
46.8;1;0
160.2;0;1
101.6;0;1
114.8;1;0
173.9;1;0
120.5;0;1
12.8;0;1
134.8;0;1
42.0;1;0
128.2;1;0
56.7;0;1
20.3;0;1
137.3;0;1
11.4;0;1
118.2;0;1
75.9;0;1
149.1;1;0
25.9;0;1
116.2;1;0
130.6;1;0
59.1;0;1
67.7;1;0
23.1;1;0
105.8;0;1
160.6;1;0
89.1;0;1
73.0;0;1
46.4;1;0
165.2;1;0
90.3;1;0
95.5;0;1
56.6;0;1
0.8;0;1
82.1;0;1
126.4;1;0
90.8;0;1
27.9;1;0
54.1;0;1
89.1;1;0
162.4;1;0
21.5;0;1
143.4;1;0
75.4;0;1
107.2;1;0
96.1;1;0
130.5;0;1
148.6;0;1
25.5;0;1
0.5;1;0
168.6;1;0
167.3;0;1
26.8;0;1
2.4;1;0
165.6;1;0
120.1;0;1
78.4;0;1
59.1;1;0
61.5;0;1
146.9;1;0
98.9;1;0
76.5;0;1
167.7;1;0
76.4;0;1
0.9;0;1
110.5;1;0
72.0;1;0
172.4;0;1
175.2;1;0
22.3;0;1
53.9;1;0
134.7;1;0
14.5;0;1
45.2;1;0
130.5;1;0
10.5;1;0
127.4;1;0
108.2;1;0
165.4;1;0
71.1;1;0
134.5;1;0
33.6;0;1
119.6;0;1
56.0;0;1
24.9;1;0
19.2;1;0
38.0;0;1
36.4;0;1
118.2;1;0
34.3;1;0
145.9;1;0
117.0;0;1
53.1;0;1
24.3;1;0
103.4;0;1
158.7;0;1
148.8;1;0
109.2;1;0
178.8;0;1
101.6;0;1
50.0;0;1
128.4;0;1
14.4;0;1
144.1;0;1
30.6;1;0
25.7;0;1
8.5;0;1
71.6;0;1
156.5;1;0
92.3;0;1
45.2;1;0
41.4;0;1
139.7;1;0
19.0;1;0
5.9;0;1
87.6;0;1
143.3;1;0
124.0;0;1
67.1;0;1
5.7;0;1
130.4;1;0
101.7;1;0
165.6;1;0
31.7;0;1
68.2;1;0
34.1;0;1
42.0;1;0
106.2;1;0
139.7;1;0
62.0;1;0
23.2;0;1
9.5;1;0
156.1;0;1
160.4;1;0
19.4;1;0
18.4;0;1
151.3;1;0
10.3;1;0
116.0;1;0
25.5;1;0
146.7;1;0
112.7;1;0
98.5;0;1
153.1;1;0
81.9;0;1
50.9;0;1
127.0;0;1
19.7;1;0
44.6;0;1
108.0;1;0
51.0;0;1
84.4;0;1
179.9;0;1
153.0;1;0
165.0;1;0
138.7;1;0
100.9;1;0
159.7;1;0
53.9;1;0
13.3;1;0
1.9;1;0
129.8;1;0
39.2;0;1
160.5;0;1
158.2;0;1
38.7;0;1
21.2;0;1
153.6;0;1
96.2;1;0
151.4;0;1
98.6;0;1
43.1;1;0
105.0;0;1
141.9;0;1
89.0;1;0
68.0;1;0
45.5;1;0
37.5;0;1
128.9;1;0
67.1;1;0
12.0;0;1
77.5;1;0
156.4;1;0
46.1;0;1
14.7;0;1
120.1;0;1
173.0;1;0
14.4;0;1
117.4;1;0
129.5;0;1
10.8;1;0
66.1;0;1
147.1;1;0
155.3;0;1
139.7;1;0
64.0;0;1
128.4;1;0
101.9;0;1
166.4;0;1
178.3;1;0
102.6;1;0
163.8;0;1
10.6;0;1
98.5;1;0
158.7;1;0
82.9;1;0
82.2;0;1
105.9;1;0
42.5;0;1
111.6;0;1
146.2;1;0
48.0;0;1
93.4;0;1
118.1;0;1
39.9;1;0
51.1;1;0
147.6;0;1
60.4;0;1
4.2;1;0
179.2;1;0
171.7;1;0
58.8;1;0
179.6;1;0
55.2;1;0
151.1;0;1
34.5;0;1
44.0;1;0
114.2;1;0
77.1;0;1
54.4;1;0
147.3;1;0
139.2;0;1
126.9;1;0
165.1;0;1
29.5;1;0
21.2;0;1
13.2;1;0
118.0;0;1
172.2;1;0
92.5;0;1
77.0;1;0
142.9;1;0
153.9;0;1
173.6;1;0
51.0;1;0
67.6;1;0
160.1;1;0
77.9;1;0
100.3;0;1
123.5;0;1
158.0;0;1
124.7;1;0
102.0;0;1
171.3;0;1
38.6;0;1
177.2;1;0
178.9;1;0
75.2;0;1
63.0;1;0
168.8;1;0
164.4;0;1
38.9;0;1
93.3;0;1
118.9;1;0
139.9;0;1
30.9;1;0
69.6;1;0
68.8;0;1
110.0;1;0
9.7;1;0
67.5;0;1
129.3;0;1
163.7;1;0
41.0;1;0
25.5;0;1
159.1;0;1
90.7;0;1
42.2;1;0
35.9;1;0
133.0;1;0
60.9;0;1
78.2;0;1
123.6;1;0
116.0;1;0
90.0;0;1
144.7;0;1
0.6;1;0
66.4;1;0
136.5;1;0
97.6;1;0
35.6;0;1
170.7;1;0
57.9;1;0
158.9;0;1
145.3;0;1
140.9;0;1
2.8;0;1
115.8;1;0
116.8;1;0
175.1;1;0
37.9;1;0
12.0;0;1
75.6;0;1
169.3;1;0
145.2;0;1
164.2;0;1
88.8;0;1
7.9;0;1
145.9;1;0
162.1;1;0
177.2;1;0
70.0;0;1
46.0;0;1
88.3;0;1
7.2;1;0
122.8;1;0
7.9;1;0
37.5;0;1
86.9;1;0
133.9;0;1
45.4;1;0
33.4;1;0
23.0;1;0
33.3;0;1
166.1;1;0
60.1;1;0
56.0;0;1
148.1;0;1
53.4;0;1
141.5;1;0
34.5;0;1
38.1;0;1
125.2;0;1
20.7;1;0
25.5;1;0
33.8;0;1
45.7;1;0
124.5;0;1
149.3;1;0
151.8;0;1
173.5;1;0
114.5;0;1
118.4;0;1
82.1;0;1
20.0;0;1
79.6;0;1
93.2;1;0
33.5;0;1
58.0;0;1
49.5;1;0
42.7;0;1
58.0;1;0
92.3;0;1
129.0;1;0
25.9;0;1
78.1;0;1
93.5;1;0
92.6;1;0
128.6;0;1
86.7;1;0
57.2;0;1
70.2;0;1
94.5;0;1
34.9;0;1
131.5;0;1
89.1;0;1
31.2;1;0
46.8;1;0
102.1;1;0
48.1;1;0
86.8;1;0
58.3;0;1
28.7;1;0
133.6;0;1
47.2;0;1
24.5;1;0
70.1;1;0
32.9;1;0
75.0;0;1
123.5;0;1
1.8;0;1
71.2;0;1
9.0;0;1
161.1;1;0
29.1;1;0
6.4;0;1
13.7;1;0
59.9;0;1
177.1;0;1
0.0;1;0
94.4;0;1
38.0;0;1
38.1;1;0
4.8;1;0
125.4;1;0
95.4;0;1
63.3;0;1
60.1;0;1
26.8;0;1
118.2;0;1
119.9;0;1
98.1;0;1
74.2;1;0
122.9;1;0
172.8;0;1
115.6;0;1
2.3;0;1
114.3;0;1
101.0;1;0
80.4;1;0
90.3;1;0
10.7;1;0
70.6;0;1
132.1;0;1
121.5;0;1
110.6;1;0
1.0;0;1
170.5;0;1
115.0;1;0
2.1;1;0
171.6;1;0
167.8;0;1
64.2;0;1
11.6;1;0
62.2;0;1
131.1;1;0
66.9;1;0
63.7;1;0
84.6;1;0
70.5;1;0
42.9;0;1
138.2;0;1
54.4;1;0
41.7;1;0
159.1;1;0
57.8;0;1
8.5;0;1
133.6;0;1
74.7;1;0
178.7;0;1
23.2;1;0
19.5;0;1
79.8;0;1
36.8;1;0
19.7;0;1
64.7;0;1
47.3;1;0
152.4;0;1
118.8;0;1
20.8;1;0
112.1;0;1
46.8;0;1
42.4;1;0
89.4;1;0
9.1;0;1
14.4;0;1
125.4;1;0
26.0;0;1
157.9;0;1
93.9;1;0
7.2;1;0
158.8;1;0
148.9;0;1
8.1;0;1
45.3;1;0
172.4;1;0
85.6;1;0
80.7;1;0
3.8;0;1
37.6;0;1
60.5;0;1
67.1;0;1
145.8;1;0
89.9;0;1
125.4;0;1
88.4;1;0
151.3;0;1
6.8;0;1
171.5;1;0
102.9;1;0
149.6;0;1
60.6;0;1
41.9;1;0
54.8;0;1
90.3;0;1
168.4;1;0
11.8;1;0
146.0;0;1
109.3;1;0
89.8;0;1
136.6;0;1
162.1;0;1
116.6;0;1
0.3;1;0
85.0;0;1
30.1;1;0
46.2;0;1
35.9;1;0
88.9;1;0
128.0;1;0
118.5;1;0
98.2;1;0
112.1;0;1
150.6;0;1
25.9;0;1
116.6;1;0
53.6;0;1
100.4;0;1
167.0;0;1
163.6;1;0
177.1;0;1
71.8;1;0
132.4;1;0
14.9;0;1
103.0;1;0
120.9;1;0
22.8;1;0
175.2;0;1
72.9;0;1
3.4;1;0
138.2;1;0
34.6;1;0
110.7;0;1
24.2;0;1
63.2;1;0
51.0;1;0
156.6;1;0
35.2;1;0
121.2;1;0
17.2;1;0
11.1;0;1
17.6;1;0
121.0;1;0
84.1;0;1
146.1;0;1
157.2;1;0
108.0;1;0
131.3;0;1
34.4;1;0
146.4;1;0
99.4;1;0
123.5;1;0
3.0;1;0
114.7;1;0
68.6;0;1
140.5;0;1
90.5;1;0
86.2;1;0
37.6;1;0
67.6;0;1
98.7;1;0
148.7;1;0
38.8;1;0
171.7;0;1
158.9;1;0
32.0;1;0
158.7;1;0
84.6;0;1
144.2;1;0
147.8;0;1
80.6;0;1
68.2;0;1
74.6;0;1
126.0;0;1
27.4;1;0
134.6;0;1
27.0;1;0
73.9;1;0
64.7;1;0
150.6;0;1
38.1;1;0
75.5;1;0
61.2;0;1
88.0;1;0
67.5;1;0
158.8;1;0
173.6;0;1
63.2;0;1
114.3;1;0
8.1;1;0
111.3;1;0
173.6;0;1
125.1;1;0
170.6;1;0
56.3;1;0
121.7;1;0
15.9;1;0
28.4;1;0
112.0;0;1
4.1;0;1
76.9;0;1
141.4;1;0
130.9;1;0
120.6;1;0
147.2;0;1
55.8;1;0
105.0;1;0
24.8;0;1
153.4;0;1
88.9;0;1
10.2;1;0
47.7;0;1
10.9;1;0
51.8;0;1
74.5;1;0
38.4;0;1
119.8;0;1
150.5;1;0
149.8;1;0
50.6;1;0
53.4;1;0
106.8;0;1
2.9;0;1
140.1;1;0
160.8;1;0
150.8;1;0
116.5;1;0
163.6;1;0
100.8;1;0
37.0;0;1
93.3;1;0
143.7;0;1
69.1;1;0
70.9;1;0
120.3;0;1
23.9;1;0
126.4;0;1
96.2;1;0
4.5;1;0
109.1;0;1
76.3;0;1
39.7;1;0
44.6;1;0
69.0;0;1
60.7;0;1
5.3;0;1
134.9;1;0
100.8;1;0
80.2;0;1
77.5;0;1
120.1;1;0
96.0;0;1
44.6;1;0
45.6;0;1
121.1;0;1
59.5;0;1
83.2;1;0
36.3;0;1
138.7;0;1
118.0;0;1
143.9;0;1
86.2;0;1
66.3;0;1
157.8;1;0
57.0;0;1
57.4;1;0
2.8;1;0
12.7;0;1
69.1;1;0
35.8;1;0
47.4;0;1
71.7;0;1
20.6;0;1
90.8;0;1
152.2;1;0
78.4;1;0
91.5;0;1
122.1;1;0
75.6;1;0
84.3;0;1
30.1;1;0
98.9;0;1
141.8;0;1
28.6;1;0
158.1;0;1
26.3;0;1
56.7;0;1
144.4;0;1
141.0;0;1
35.8;0;1
175.0;0;1
158.9;1;0
33.4;0;1
13.9;1;0
0.4;0;1
169.0;0;1
85.1;0;1
143.7;1;0
62.5;0;1
27.9;1;0
53.5;0;1
85.7;1;0
144.4;1;0
137.8;0;1
167.3;1;0
108.6;1;0
107.7;0;1
125.2;1;0
163.6;0;1
37.9;1;0
115.3;1;0
23.1;0;1
19.8;0;1
125.3;1;0
124.5;0;1
102.1;1;0
33.9;1;0
23.5;0;1
125.4;0;1
10.0;1;0
1.5;1;0
148.0;0;1
89.8;1;0
36.6;1;0
86.8;0;1
91.1;1;0
97.7;0;1
156.3;1;0
172.4;0;1
91.7;1;0
28.2;1;0
145.8;0;1
18.3;0;1
51.7;0;1
141.2;0;1
147.4;0;1
21.3;1;0
153.2;1;0
94.6;1;0
144.3;1;0
174.0;0;1
22.2;1;0
172.1;1;0
110.8;0;1
162.0;1;0
109.7;0;1
5.0;0;1
162.3;1;0
56.4;1;0
43.3;0;1
131.7;1;0
127.8;0;1
97.9;1;0
46.9;1;0
6.2;0;1
143.9;1;0
110.5;1;0
172.9;0;1
107.1;0;1
155.4;0;1
131.7;0;1
1.2;1;0
147.1;1;0
141.6;1;0
89.1;0;1
168.1;0;1
177.7;0;1
76.6;0;1
51.5;1;0
127.7;0;1
88.8;1;0
134.8;0;1
135.7;0;1
152.1;0;1
170.8;0;1
98.0;1;0
22.9;0;1
12.6;1;0
68.3;1;0
107.8;1;0
103.9;1;0
50.3;0;1
62.7;0;1
0.6;1;0
107.5;0;1
172.3;0;1
22.3;0;1
166.5;0;1
93.8;0;1
130.0;1;0
139.3;1;0
3.9;1;0
61.4;1;0
136.2;1;0
141.5;1;0
73.2;0;1
98.7;1;0
6.7;0;1
105.9;1;0
75.1;0;1
162.0;0;1
168.5;1;0
121.2;0;1
71.7;0;1
119.9;1;0
145.7;1;0
24.0;0;1
71.4;1;0
168.7;1;0
70.9;0;1
172.5;0;1
119.3;1;0
57.5;0;1
48.9;1;0
107.7;1;0
123.5;0;1
39.4;1;0
48.2;1;0
23.9;1;0
73.9;1;0
139.6;1;0
84.8;1;0
124.8;1;0
44.5;0;1
54.6;1;0
178.1;0;1
52.5;1;0
17.0;0;1
133.3;0;1
117.0;0;1
115.3;0;1
67.0;1;0
47.8;0;1
154.4;1;0
153.9;1;0
153.5;1;0
158.4;0;1
43.4;0;1
119.5;0;1
66.5;0;1
33.5;0;1
156.8;0;1
45.7;0;1
63.2;0;1
64.0;0;1
154.1;0;1
146.0;0;1
152.0;0;1
155.2;1;0
165.0;0;1
11.0;1;0
5.1;0;1
59.0;0;1
70.0;0;1
6.0;0;1
146.6;1;0
111.4;0;1
68.1;0;1
102.5;0;1
122.4;0;1
57.8;0;1
74.4;0;1
98.2;0;1
100.0;1;0
94.0;0;1
139.6;1;0
147.9;1;0
92.5;1;0
157.0;0;1
17.5;1;0
161.3;0;1
69.5;1;0
140.4;0;1
66.2;0;1
41.7;0;1
48.7;0;1
34.1;0;1
138.3;1;0
118.6;0;1
27.0;1;0
120.3;0;1
136.6;1;0
41.5;0;1
46.1;0;1
115.7;1;0
18.5;1;0
149.4;0;1
1.0;0;1
85.8;1;0
15.9;1;0
128.9;1;0
81.8;0;1
132.3;1;0
4.2;0;1
102.4;1;0
30.6;0;1
23.0;1;0
81.5;0;1
2.2;0;1
106.4;0;1
96.4;0;1
18.2;0;1
43.9;0;1
8.2;1;0
144.4;1;0
124.8;0;1
108.5;1;0
166.2;1;0
11.1;0;1
0.4;0;1
34.5;0;1
164.5;1;0
81.7;1;0
74.1;0;1
124.6;0;1
122.1;0;1
11.0;1;0
59.6;0;1
58.4;1;0
71.1;0;1
127.4;0;1
32.4;1;0
63.0;1;0
113.9;0;1
125.5;0;1
37.1;0;1
18.6;0;1
150.8;0;1
69.4;1;0
119.4;1;0
157.0;1;0
178.7;1;0
151.3;1;0
144.9;0;1
19.9;1;0
53.7;0;1
176.7;0;1
172.1;1;0
0.9;0;1
164.3;0;1
101.4;1;0
131.8;0;1
17.2;1;0
73.3;0;1
111.4;1;0
88.9;0;1
89.8;0;1
134.8;1;0
58.0;0;1
49.3;0;1
10.6;1;0
121.8;1;0
85.6;0;1
153.3;0;1
133.5;0;1
157.9;0;1
142.9;1;0
145.0;1;0
136.3;0;1
15.3;1;0
165.6;1;0
76.3;1;0
127.9;1;0
24.2;0;1
70.3;1;0
75.7;1;0
6.6;1;0
43.9;1;0
174.1;0;1
74.9;0;1
85.1;1;0
15.1;0;1
44.1;1;0
15.8;1;0
26.2;0;1
11.5;0;1
112.4;1;0
91.8;0;1
35.2;1;0
148.2;0;1
131.7;1;0
80.3;0;1
36.0;1;0
122.9;1;0
27.6;1;0
67.7;1;0
169.8;1;0
138.6;0;1
57.8;1;0
155.5;1;0
119.0;1;0
89.2;1;0
7.0;1;0
19.5;0;1
149.9;1;0
79.2;1;0
146.9;0;1
90.0;0;1
60.1;1;0
3.2;1;0
98.3;0;1
139.4;0;1
148.5;0;1
159.4;0;1
94.1;1;0
147.2;1;0
0.6;0;1
132.6;1;0
84.3;0;1
30.5;1;0
7.3;1;0
9.4;1;0
168.3;0;1
88.3;1;0
179.6;0;1
49.1;0;1
138.5;1;0
133.2;0;1
175.1;0;1
36.8;1;0
86.9;0;1
59.7;0;1
176.5;0;1
13.8;1;0
115.4;0;1
152.2;1;0
174.6;0;1
72.2;0;1
56.4;0;1
60.7;1;0
151.6;0;1
108.3;1;0
136.1;1;0
71.9;0;1
130.0;0;1
133.0;1;0
177.7;0;1
158.0;0;1
29.4;0;1
125.2;1;0
26.8;1;0
13.7;0;1
124.0;1;0
57.6;1;0
81.5;0;1
77.3;0;1
101.1;0;1
76.9;0;1
92.4;1;0
148.2;0;1
124.4;0;1
51.4;0;1
151.0;0;1
49.7;1;0
131.2;0;1
96.4;1;0
124.1;1;0
9.1;1;0
54.6;1;0
165.9;1;0
49.1;1;0
126.2;1;0
54.0;0;1
14.3;1;0
96.6;0;1
162.7;1;0
165.2;0;1
157.1;0;1
18.8;0;1
89.9;1;0
0.1;1;0
169.3;0;1
136.8;1;0
82.4;0;1
161.0;1;0
112.5;0;1
54.8;1;0
95.3;1;0
155.0;0;1
169.5;1;0
170.6;1;0
154.7;1;0
6.6;0;1
94.4;1;0
13.7;1;0
149.7;0;1
103.7;1;0
123.7;0;1
143.6;1;0
122.0;0;1
37.0;0;1
127.8;1;0
140.9;1;0
45.6;1;0
77.1;1;0
165.8;0;1
38.0;0;1
76.5;1;0
85.9;0;1
24.2;1;0
2.1;1;0
155.1;0;1
126.9;1;0
119.3;1;0
74.7;1;0
141.7;1;0
35.2;1;0
54.4;1;0
157.4;1;0
62.4;0;1
39.1;1;0
2.4;0;1
75.8;1;0
67.2;1;0
3.2;1;0
18.7;1;0
166.2;1;0
111.0;1;0
142.6;0;1
33.6;0;1
150.6;0;1
145.3;1;0
137.4;1;0
4.5;0;1
52.9;1;0
98.5;0;1
63.4;1;0
175.5;0;1
14.1;0;1
137.3;0;1
150.9;1;0
119.5;0;1
80.3;1;0
53.9;0;1
97.1;0;1
103.8;1;0
129.1;0;1
0.4;1;0
48.6;0;1
176.8;0;1
41.9;0;1
124.2;1;0
48.0;0;1
104.0;0;1
177.0;1;0
5.3;0;1
20.0;1;0
80.8;1;0
28.4;1;0
89.2;0;1
159.5;1;0
133.5;0;1
62.6;0;1
64.3;0;1
35.6;0;1
150.2;0;1
172.2;0;1
34.6;0;1
155.5;1;0
45.0;1;0
53.4;1;0
13.0;1;0
145.4;1;0
86.7;1;0
148.7;1;0
56.8;1;0
97.2;0;1
102.9;1;0
8.4;0;1
10.3;0;1
20.9;1;0
6.5;1;0
178.1;0;1
108.4;0;1
66.2;0;1
23.5;1;0
31.7;1;0
75.5;1;0
108.8;1;0
113.3;1;0
95.6;0;1
69.9;1;0
104.5;1;0
82.3;1;0
74.3;1;0
85.5;1;0
39.1;0;1
158.0;0;1
22.5;0;1
21.4;0;1
52.0;1;0
44.3;0;1
58.5;0;1
114.1;0;1
155.4;1;0
127.6;0;1
91.6;1;0
78.4;1;0
56.4;1;0
18.2;0;1
42.3;1;0
92.2;1;0
49.6;1;0
114.4;1;0
169.6;0;1
96.5;1;0
30.7;0;1
72.2;1;0
108.9;1;0
98.8;0;1
38.6;0;1
98.7;1;0
27.3;1;0
166.6;1;0
140.3;1;0
55.5;1;0
100.0;0;1
142.9;0;1
49.9;1;0
28.5;0;1
59.6;0;1
52.0;1;0
72.1;0;1
171.7;0;1
36.7;1;0
19.3;1;0
140.6;1;0
150.3;1;0
69.8;0;1
138.3;1;0
140.4;1;0
155.6;0;1
27.2;1;0
163.2;0;1
99.3;1;0
72.8;0;1
107.2;1;0
152.3;0;1
41.5;1;0
78.6;1;0
119.9;1;0
92.1;1;0
101.2;1;0
